癤올꺜갧EA,VIGENCIA,N횂째,ENTRADA / RADICADO,횄혖REA RESPONSABLE
Entes de Control,2024,01,10600-2024-0510,Entes de Control
Entes de Control,2024,02,10600-2024-0511,Entes de Control
Entes de Control,2024,03,10600-2024-3634,Entes de Control
Entes de Control,2025,01,1050001-2025-0496,Juan Pablo Contreras
Entes de Control,2025,02,1050001-2025-0504,Juan Pablo Contreras
Entes de Control,2025,03,1250001-2025-236,Juan Pablo Contreras
Entes de Control,2025,04,1250001-2025-0240,Juan Pablo Contreras
Entes de Control,2026,01,E-2026-010383,Entes de Control
Entes de Control,2026,02,E-2026-015616,Entes de Control
Entes de Control,2026,03,E-2026-021010,Entes de Control
Entes de Control,2026,04,1230001-2026-0042,Entes de Control
